{"Version":1,"ManifestType":"Publish","Endpoints":[{"Route":"index.1pybmm9868.html","AssetFile":"index.html.gz","Selectors":[{"Name":"Content-Encoding","Value":"gzip","Quality":"0.001124859393"}],"ResponseHeaders":[{"Name":"Accept-Ranges","Value":"bytes"},{"Name":"Cache-Control","Value":"max-age=31536000, immutable"},{"Name":"Content-Encoding","Value":"gzip"},{"Name":"Content-Length","Value":"888"},{"Name":"Content-Type","Value":"text/html"},{"Name":"ETag","Value":"\"X9WzhkgVP2SBClhj/1Nu/Wo82d3nOczpRT6Y/B9XtRA=\""},{"Name":"ETag","Value":"W/\"m/1J+jKAgmeRXJi2KFggLA6FIn1iWejieHvIY7CP2h0=\""},{"Name":"Last-Modified","Value":"Tue, 14 Oct 2025 08:45:45 GMT"},{"Name":"Vary","Value":"Content-Encoding"}],"EndpointProperties":[{"Name":"fingerprint","Value":"1pybmm9868"},{"Name":"integrity","Value":"sha256-m/1J+jKAgmeRXJi2KFggLA6FIn1iWejieHvIY7CP2h0="},{"Name":"label","Value":"index.html"}]},{"Route":"index.1pybmm9868.html","AssetFile":"index.html.br","Selectors":[{"Name":"Content-Encoding","Value":"br","Quality":"0.001550387597"}],"ResponseHeaders":[{"Name":"Accept-Ranges","Value":"bytes"},{"Name":"Cache-Control","Value":"max-age=31536000, immutable"},{"Name":"Content-Encoding","Value":"br"},{"Name":"Content-Length","Value":"644"},{"Name":"Content-Type","Value":"text/html"},{"Name":"ETag","Value":"\"TQLq86nlFNuwY+P4y9wAYgYM4VU+HJyh1Bf0uSH0KnI=\""},{"Name":"ETag","Value":"W/\"m/1J+jKAgmeRXJi2KFggLA6FIn1iWejieHvIY7CP2h0=\""},{"Name":"Last-Modified","Value":"Tue, 14 Oct 2025 08:45:46 GMT"},{"Name":"Vary","Value":"Content-Encoding"}],"EndpointProperties":[{"Name":"fingerprint","Value":"1pybmm9868"},{"Name":"integrity","Value":"sha256-m/1J+jKAgmeRXJi2KFggLA6FIn1iWejieHvIY7CP2h0="},{"Name":"label","Value":"index.html"}]},{"Route":"index.1pybmm9868.html","AssetFile":"index.html","Selectors":[],"ResponseHeaders":[{"Name":"Accept-Ranges","Value":"bytes"},{"Name":"Cache-Control","Value":"max-age=31536000, immutable"},{"Name":"Content-Length","Value":"2136"},{"Name":"Content-Type","Value":"text/html"},{"Name":"ETag","Value":"\"m/1J+jKAgmeRXJi2KFggLA6FIn1iWejieHvIY7CP2h0=\""},{"Name":"Last-Modified","Value":"Wed, 08 Oct 2025 12:57:49 GMT"}],"EndpointProperties":[{"Name":"fingerprint","Value":"1pybmm9868"},{"Name":"integrity","Value":"sha256-m/1J+jKAgmeRXJi2KFggLA6FIn1iWejieHvIY7CP2h0="},{"Name":"label","Value":"index.html"}]},{"Route":"index.1pybmm9868.html.br","AssetFile":"index.html.br","Selectors":[],"ResponseHeaders":[{"Name":"Accept-Ranges","Value":"bytes"},{"Name":"Cache-Control","Value":"max-age=31536000, immutable"},{"Name":"Content-Encoding","Value":"br"},{"Name":"Content-Length","Value":"644"},{"Name":"Content-Type","Value":"text/html"},{"Name":"ETag","Value":"\"TQLq86nlFNuwY+P4y9wAYgYM4VU+HJyh1Bf0uSH0KnI=\""},{"Name":"Last-Modified","Value":"Tue, 14 Oct 2025 08:45:46 GMT"},{"Name":"Vary","Value":"Content-Encoding"}],"EndpointProperties":[{"Name":"fingerprint","Value":"1pybmm9868"},{"Name":"integrity","Value":"sha256-TQLq86nlFNuwY+P4y9wAYgYM4VU+HJyh1Bf0uSH0KnI="},{"Name":"label","Value":"index.html.br"}]},{"Route":"index.1pybmm9868.html.gz","AssetFile":"index.html.gz","Selectors":[],"ResponseHeaders":[{"Name":"Accept-Ranges","Value":"bytes"},{"Name":"Cache-Control","Value":"max-age=31536000, immutable"},{"Name":"Content-Encoding","Value":"gzip"},{"Name":"Content-Length","Value":"888"},{"Name":"Content-Type","Value":"text/html"},{"Name":"ETag","Value":"\"X9WzhkgVP2SBClhj/1Nu/Wo82d3nOczpRT6Y/B9XtRA=\""},{"Name":"Last-Modified","Value":"Tue, 14 Oct 2025 08:45:45 GMT"},{"Name":"Vary","Value":"Content-Encoding"}],"EndpointProperties":[{"Name":"fingerprint","Value":"1pybmm9868"},{"Name":"integrity","Value":"sha256-X9WzhkgVP2SBClhj/1Nu/Wo82d3nOczpRT6Y/B9XtRA="},{"Name":"label","Value":"index.html.gz"}]},{"Route":"index.html","AssetFile":"index.html.gz","Selectors":[{"Name":"Content-Encoding","Value":"gzip","Quality":"0.001124859393"}],"ResponseHeaders":[{"Name":"Accept-Ranges","Value":"bytes"},{"Name":"Cache-Control","Value":"no-cache"},{"Name":"Content-Encoding","Value":"gzip"},{"Name":"Content-Length","Value":"888"},{"Name":"Content-Type","Value":"text/html"},{"Name":"ETag","Value":"\"X9WzhkgVP2SBClhj/1Nu/Wo82d3nOczpRT6Y/B9XtRA=\""},{"Name":"ETag","Value":"W/\"m/1J+jKAgmeRXJi2KFggLA6FIn1iWejieHvIY7CP2h0=\""},{"Name":"Last-Modified","Value":"Tue, 14 Oct 2025 08:45:45 GMT"},{"Name":"Vary","Value":"Content-Encoding"}],"EndpointProperties":[{"Name":"integrity","Value":"sha256-m/1J+jKAgmeRXJi2KFggLA6FIn1iWejieHvIY7CP2h0="}]},{"Route":"index.html","AssetFile":"index.html.br","Selectors":[{"Name":"Content-Encoding","Value":"br","Quality":"0.001550387597"}],"ResponseHeaders":[{"Name":"Accept-Ranges","Value":"bytes"},{"Name":"Cache-Control","Value":"no-cache"},{"Name":"Content-Encoding","Value":"br"},{"Name":"Content-Length","Value":"644"},{"Name":"Content-Type","Value":"text/html"},{"Name":"ETag","Value":"\"TQLq86nlFNuwY+P4y9wAYgYM4VU+HJyh1Bf0uSH0KnI=\""},{"Name":"ETag","Value":"W/\"m/1J+jKAgmeRXJi2KFggLA6FIn1iWejieHvIY7CP2h0=\""},{"Name":"Last-Modified","Value":"Tue, 14 Oct 2025 08:45:46 GMT"},{"Name":"Vary","Value":"Content-Encoding"}],"EndpointProperties":[{"Name":"integrity","Value":"sha256-m/1J+jKAgmeRXJi2KFggLA6FIn1iWejieHvIY7CP2h0="}]},{"Route":"index.html","AssetFile":"index.html","Selectors":[],"ResponseHeaders":[{"Name":"Accept-Ranges","Value":"bytes"},{"Name":"Cache-Control","Value":"no-cache"},{"Name":"Content-Length","Value":"2136"},{"Name":"Content-Type","Value":"text/html"},{"Name":"ETag","Value":"\"m/1J+jKAgmeRXJi2KFggLA6FIn1iWejieHvIY7CP2h0=\""},{"Name":"Last-Modified","Value":"Wed, 08 Oct 2025 12:57:49 GMT"}],"EndpointProperties":[{"Name":"integrity","Value":"sha256-m/1J+jKAgmeRXJi2KFggLA6FIn1iWejieHvIY7CP2h0="}]},{"Route":"index.html.br","AssetFile":"index.html.br","Selectors":[],"ResponseHeaders":[{"Name":"Accept-Ranges","Value":"bytes"},{"Name":"Cache-Control","Value":"no-cache"},{"Name":"Content-Encoding","Value":"br"},{"Name":"Content-Length","Value":"644"},{"Name":"Content-Type","Value":"text/html"},{"Name":"ETag","Value":"\"TQLq86nlFNuwY+P4y9wAYgYM4VU+HJyh1Bf0uSH0KnI=\""},{"Name":"Last-Modified","Value":"Tue, 14 Oct 2025 08:45:46 GMT"},{"Name":"Vary","Value":"Content-Encoding"}],"EndpointProperties":[{"Name":"integrity","Value":"sha256-TQLq86nlFNuwY+P4y9wAYgYM4VU+HJyh1Bf0uSH0KnI="}]},{"Route":"index.html.gz","AssetFile":"index.html.gz","Selectors":[],"ResponseHeaders":[{"Name":"Accept-Ranges","Value":"bytes"},{"Name":"Cache-Control","Value":"no-cache"},{"Name":"Content-Encoding","Value":"gzip"},{"Name":"Content-Length","Value":"888"},{"Name":"Content-Type","Value":"text/html"},{"Name":"ETag","Value":"\"X9WzhkgVP2SBClhj/1Nu/Wo82d3nOczpRT6Y/B9XtRA=\""},{"Name":"Last-Modified","Value":"Tue, 14 Oct 2025 08:45:45 GMT"},{"Name":"Vary","Value":"Content-Encoding"}],"EndpointProperties":[{"Name":"integrity","Value":"sha256-X9WzhkgVP2SBClhj/1Nu/Wo82d3nOczpRT6Y/B9XtRA="}]}]}